"constituency","lon","lat"
"Hautes-Pyrénées",0.1494988,43.0193924
"Yvelines",1.8256572,48.7850939
"Territoire de Belfort",6.9207716,47.5946573
"Comores",3.7825946,43.6075901
"Sarthe",0.1655803,47.9217014
"Pyrénées-Orientales",2.539603,42.6012912
"Paris",2.3522219,48.856614
"Hérault",3.2583626,43.5912356
"Charente",0.1534761,45.7519958
"Nord",3.2642436,50.3851246
"Aube",4.3732462,48.1563418
"Pyrénées-Atlantiques",-0.7532809,43.3269942
"Marne",4.1475445,49.128754
"Var",6.2375947,43.467646
"Orne",0.0848201,48.6388567
"Calvados",-0.4330578,49.1213315
"Bouches-du-Rhône",5.3102505,43.5911679
"Val-d'Oise",2.1581351,49.0615901
"Finistère",-3.9300525,48.2520249
"Allier",3.4167655,46.3115552
"Basses-Alpes",6.2375947,44.0778716
"Hautes-Alpes",6.3226072,44.6008723
"Hauts-de-Seine",2.2188068,48.828508
"Corrèze",1.873739,45.372114
"Loire-Atlantique",-1.8157647,47.2780468
"Ariège",1.443469,42.9326292
"Côtes-du-Nord",-3.3263676,48.5108101
"Alpes-Maritimes",7.179026,43.9466791
"Mayenne",-0.620935,48.3061239
"Côte-d'Or",4.635412,47.5126795
"Nièvre",3.5294522,47.2381708
"Pas-de-Calais",2.3244679,50.5732769
"Lozère",3.5812692,44.494203
"Savoie",5.742806,44.771079
"Seine  Hauts-de-Seine",0.3526133,49.4382152
"Puy-de-Dôme",2.964578,45.772466
"Aude",2.3813621,43.0724667
"Gironde",-0.4502368,44.849665
"Meurthe-et-Moselle",6.0947014,48.7997007
"Seine",0.3526133,49.4382152
"Gard",4.1513764,43.9446996
"Seine   de Paris",2.3522219,48.856614
"Loir-et-Cher",1.4159072,47.6761905
"Bône",-0.780508,46.485785
"Indre",1.4482662,46.6613966
"Vaucluse",5.1432068,44.0565054
"Haute-Marne",5.1071322,48.1260968
"Seine-et-Oise  Yvelines",2.0812519,49.0030587
"Haute-Garonne",1.135302,43.4010462
"Haute-Saône",6.1556282,47.7569806
"Rhône",4.6108043,45.7351456
"Vienne",4.874339,45.525587
"Seine-et-Oise  Val-de-Marne",2.9307629,49.033447
"Isère",5.9293476,44.9957745
"Cantal",2.6326062,45.1191997
"Essonne",2.1569416,48.4585698
"Seine-Maritime",0.9748439,49.6054187
"Seine-Saint-Denis",2.4845729,48.9137455
"Val-de-Marne",2.4740337,48.7931426
"Ain",5.1307681,46.2475706
"Meuse",5.2823997,49.0824319
"Charente-Maritime",-0.7733188,45.74949
"Loire",4.052545,45.9846475
"Ardennes",5.4100979,50.0288711
"Aisne",3.4417368,49.4769199
"Seine-et-Marne",2.999366,48.841082
"Moselle",6.5527641,49.0983839
"Aveyron",2.6189273,44.2179747
"Morbihan",-2.9001865,47.8852929
"Indre-et-Loire",0.816097,47.2894925
"Lot-et-Garonne",0.4502368,44.2470173
"Haute-Savoie",6.5389621,46.1756788
"Landes",-0.7532809,43.9412045
"Oise",2.4146396,49.4214568
"Ille-et-Vilaine",-1.5300695,48.2292016
"Tarn",1.9881527,43.9264401
"Haute-Loire",3.9266366,45.0821226
"Lot",1.6760691,44.5379358
"Loiret",2.2018172,47.900771
"Eure",0.9582114,49.1181763
"Jura",5.6729159,46.762475
"Vosges",6.3355935,48.1446427
"Dordogne",0.7572205,45.1469486
"Vendée",-1.4482662,46.6613966
"Somme",2.2707095,49.914518
"Gers",0.4502368,43.6366479
"Eure-et-Loir",1.1989814,48.5525242
"Mostaganem-Tiaret",0.0833333,35.9333333
"Yonne",3.6079823,47.8652728
"Seine-et-Oise  Val-d'Oise",2.0812519,49.0030587
"Creuse",2.0627832,46.0377633
"Côtes-d'Armor",-3.3263676,48.5108101
"Maine-et-Loire",-0.4877852,47.2913545
"Manche",-1.3115949,49.114712
"Deux-Sèvres",-0.3962844,46.5926541
"Seine  Seine-Saint-Denis",2.357443,48.936181
"Saône-et-Loire",4.486671,46.5827512
"Loire-Inférieure  Loire-Atlantique",-1.8157647,47.2780468
"Setif-Batna",5.4,36.1833333
"Cher",2.4671908,46.954005
"Haut-Rhin",7.2441099,47.9315041
"Basses-Pyrénées",0.2348317,42.9674418
"Corse",9.0128926,42.0396042
"Jura  Doubs",6.3126004,47.1969824
"Paris  Seine",2.3522219,48.856614
"Drôme",5.2266675,44.7311896
"Corse  Haute-Corse",9.2785583,42.4097877
"Mayotte",-1.147844,44.436078
"Doubs",6.349001,46.9276
"Tarn-et-Garonne",1.2891036,44.0126679
"Bas-Rhin",7.5252938,48.6343172
"Seine-Inférieure  Seine-Maritime",0.9748439,49.6054187
"Ardèche",4.5624426,44.759629
"Alpes de Haute-Provence",6.2375947,44.0778716
"Seine-et-Oise",2.0812519,49.0030587
"   Seine",0.3526133,49.4382152
"Haute-Vienne",1.4025484,45.7435173
"Haute-Corse",9.2785583,42.4097877
"Seine-et-Oise   de l'Essonne",2.1569416,48.4585698
"Corse-du-Sud",8.9245343,41.8102633
"Basses-Pyrénées  Pyrénées-Atlantiques",-0.0834092,42.8722093
"Côtes-du-Nord  Côtes-d'Armor",-2.759456,48.514754
"Aube Champagne-Ardenne",4.3732462,48.1563418
"Paris Ile-de-France",2.3522219,48.856614
"Corse-du-Sud Corse",8.9245343,41.8102633
"Tarn Midi-Pyrénées",1.9881527,43.9264401
"Haute-Savoie Rhône-Alpes",6.5389621,46.1756788
"Puy-de-Dôme Auvergne",2.964578,45.772466
"Aisne Picardie",3.4417368,49.4769199
"Bouches-du-Rhône Provence-Alpes-Côte d'Azur",5.3102505,43.5911679
"Gironde Aquitaine",-0.4502368,44.849665
"Seine-Saint-Denis Ile-de-France",2.4845729,48.9137455
"Mayenne PaysLoire",-0.620935,48.3061239
"Haute-Garonne Midi-Pyrénées",1.135302,43.4010462
"Nord Nord-Pas-de-Calais",3.2642436,50.3851246
"Jura Franche-Comté",5.6729159,46.762475
"Manche Basse-Normandie",-1.3115949,49.114712
"Tarn-et-Garonne Midi-Pyrénées",1.2891036,44.0126679
"Indre-et-Loire Centre",0.816097,47.2894925
"Saône-et-Loire Bourgogne",4.486671,46.5827512
"Maine-et-Loire PaysLoire",-0.4877852,47.2913545
"Deux-Sèvres Poitou-Charentes",-0.3962844,46.5926541
"Ariège Midi-Pyrénées",1.443469,42.9326292
"Charente-Maritime Poitou-Charentes",-0.7733188,45.74949
"Val-de-Marne Ile-de-France",2.4740337,48.7931426
"Dordogne Aquitaine",0.7572205,45.1469486
"Hautes-Alpes Provence-Alpes-Côte d'Azur",6.3226072,44.6008723
"Essonne Ile-de-France",2.1569416,48.4585698
"Ain Rhône-Alpes",5.1307681,46.2475706
"Lozère Languedoc-Roussillon",3.5812692,44.494203
"Drôme Rhône-Alpes",5.2266675,44.7311896
"Eure-et-Loir Centre",1.1989814,48.5525242
"Seine-et-Marne Ile-de-France",2.999366,48.841082
"Finistère Bretagne",-3.9300525,48.2520249
"Haut-Rhin Alsace",7.2441099,47.9315041
"Charente Poitou-Charentes",0.1534761,45.7519958
"Corrèze Limousin",1.873739,45.372114
"Yonne Bourgogne",3.6079823,47.8652728
"Côtes-d'Armor Bretagne",-3.3263676,48.5108101
"Pas-de-Calais Nord-Pas-de-Calais",2.3244679,50.5732769
"Eure Haute-Normandie",0.9582114,49.1181763
"Pyrénées-Orientales Languedoc-Roussillon",2.539603,42.6012912
"Doubs Franche-Comté",6.349001,46.9276
"Haute-Loire Auvergne",3.9266366,45.0821226
"Hérault Languedoc-Roussillon",3.2583626,43.5912356
"Rhône Rhône-Alpes",4.6108043,45.7351456
"Lot-et-Garonne Aquitaine",0.4502368,44.2470173
"Loiret Centre",2.2018172,47.900771
"Landes Aquitaine",-0.7532809,43.9412045
"Oise Picardie",2.4146396,49.4214568
"Ardèche Rhône-Alpes",4.5624426,44.759629
"Sarthe PaysLoire",0.1655803,47.9217014
"Territoire de Belfort Franche-Comté",6.9207716,47.5946573
"Isère Rhône-Alpes",5.9293476,44.9957745
"Var Provence-Alpes-Côte d'Azur",6.2375947,43.467646
"Aude Languedoc-Roussillon",2.3813621,43.0724667
"Loire Rhône-Alpes",4.052545,45.9846475
"Loire-Atlantique PaysLoire",-1.8157647,47.2780468
"Vendée PaysLoire",-1.4482662,46.6613966
"Alpes-Maritimes Provence-Alpes-Côte d'Azur",7.179026,43.9466791
"Hauts-de-Seine Ile-de-France",2.2188068,48.828508
"Val-d'Oise Ile-de-France",2.1581351,49.0615901
"Haute-Vienne Limousin",1.4025484,45.7435173
"Somme Picardie",2.2707095,49.914518
"Allier Auvergne",3.4167655,46.3115552
"Marne Champagne-Ardenne",4.1475445,49.128754
"Meurthe-et-Moselle Lorraine",6.0947014,48.7997007
"Alpes de Haute-Provence Provence-Alpes-Côte d'Azur",6.2375947,44.0778716
"Yvelines Ile-de-France",1.8256572,48.7850939
"Vaucluse Provence-Alpes-Côte d'Azur",5.1432068,44.0565054
"Calvados Basse-Normandie",-0.4330578,49.1213315
"Hautes-Pyrénées Midi-Pyrénées",0.1494988,43.0193924
"Nièvre Bourgogne",3.5294522,47.2381708
"Pyrénées-Atlantiques Aquitaine",-0.7532809,43.3269942
"Aveyron Midi-Pyrénées",2.6189273,44.2179747
"Seine-Maritime Haute-Normandie",0.9748439,49.6054187
"Vienne Poitou-Charentes",0.4772865,46.6695417
"Gard Languedoc-Roussillon",4.1513764,43.9446996
"Orne Basse-Normandie",0.0848201,48.6388567
"Loir-et-Cher Centre",1.4159072,47.6761905
"Bas-Rhin Alsace",7.5252938,48.6343172
"Moselle Lorraine",6.5527641,49.0983839
"Haute-Marne Champagne-Ardenne",5.1071322,48.1260968
"Ille-et-Vilaine Bretagne",-1.5300695,48.2292016
"Morbihan Bretagne",-2.9001865,47.8852929
"Côte-d'Or Bourgogne",4.635412,47.5126795
"Ardennes Champagne-Ardenne",5.4100979,50.0288711
"Cantal Auvergne",2.6326062,45.1191997
"Haute-Saône Franche-Comté",6.1556282,47.7569806
"Meuse Lorraine",5.2823997,49.0824319
"Creuse Limousin",2.0627832,46.0377633
"Indre Centre",1.4482662,46.6613966
"Lot Midi-Pyrénées",1.6760691,44.5379358
"Mayotte Mayotte",-1.1516797,44.4314206
"Gers Midi-Pyrénées",0.4502368,43.6366479
"Vosges Lorraine",6.3355935,48.1446427
"Cher Centre",2.4671908,46.954005
"Savoie Rhône-Alpes",5.742806,44.771079
"Haute-Corse Corse",9.2785583,42.4097877
